material,brand
3D Denture Base - Light,Lucitone
3D Denture Base - Light Reddish Pink,Lucitone
3D Denture Base - Original,Lucitone
3D Denture Base - Original Opaque,Lucitone
3D Denture Base - Dark Reddish Pink,Lucitone
3D Premium Tooth - A1,Lucitone
3D Premium Tooth - A2,Lucitone
3D Premium Tooth - A3,Lucitone
3D Premium Tooth - A3.5,Lucitone
3D Premium Tooth - A4,Lucitone
3D Premium Tooth - B1,Lucitone
3D Premium Tooth - B2,Lucitone
3D Premium Tooth - B3,Lucitone
3D Premium Tooth - B4,Lucitone
3D Premium Tooth - BL1,Lucitone
3D Premium Tooth - BL3,Lucitone
3D Premium Tooth - C1,Lucitone
3D Premium Tooth - C2,Lucitone
3D Premium Tooth - C3,Lucitone
3D Premium Tooth - C4,Lucitone
3D Premium Tooth - D2,Lucitone
3D Premium Tooth - D3,Lucitone
3D Premium Tooth - D4,Lucitone