resin,brand
Castable 2,SprintRay
Crown A1 Dentin,SprintRay
Crown A2 Dentin,SprintRay
Crown A3 Dentin,SprintRay
Crown B1 Dentin,SprintRay
Crown B3 Dentin,SprintRay
Crown C2 Dentin,SprintRay
Crown D3 Dentin,SprintRay
Denture Base,SprintRay
Denture Teeth,SprintRay
Die and Model 2 Gray,SprintRay
Die and Model 2 Natural,SprintRay
Die and Model 2 Pink,SprintRay
Die and Model 2 Tan,SprintRay
Gingiva Mask,SprintRay
High Impact Denture Base,SprintRay
IDB1,SprintRay
IDB2,SprintRay
NightGuard Firm,SprintRay
NightGuard Flex,SprintRay
OnX - A1,SprintRay
OnX - B1,SprintRay
OnX - Bleach,SprintRay
OnX Tough - Hollywood Bleach,SprintRay
Splint,SprintRay
Study Model 2 White,SprintRay
Study Model White,SprintRay
Surgical Guide 2,SprintRay
Surgical Guide 3,SprintRay
Try-In,SprintRay
Try-In 2,SprintRay
